{
  "id": 1,
  "price": 15.12,
  "address": "360 Huntongton Ave",
  "status": "delivered",
  "numItems": 2,
  "gift": false,
  "deliveryDate": "2021-11-16T00:00:00.000+00:00",
  "details": [
    {
      "id": 0,
      "quantity": 2,
      "discount": 0,
      "price": 7.56,
      "product": {
        "id": 1,
        "name": "Pillow",
        "category": "Home",
        "sellerName": "BestPillows",
        "posted": "2021-03-14T00:00:00.000+00:00"
      },
      "productName": "Pillow"
    }
  ],
  "user": {
    "id": 1,
    "firstName": "Quang",
    "lastName": "Ngo",
    "username": "quang.ngo",
    "password": null,
    "email": "ngo.q@northeastern.edu",
    "dateOfBirth": null
  }
}